id,text,created_at,lang,author_id,retweet_count,urls
1577081054791278592,"Dado? The Deuce? ComiDA DO Angel? Oh Hello, FRANCO WhatsApp. #Theater. 
How U Doin'? James Franco? The BBB, my Beb√™ Beb√™ Beb√™... All Starlets, Grazi Massafera. Oh Massa/Pasta. I see it Jensen. Grazie Mille... Hi, ELEVEN. #StrangerThings (Goes to Italy) @Milliestopshate. https://t.co/IqR5jKdP1t",2022-10-03T23:39:58Z,pt,1259492900540502022,0,['https://t.co/IqR5jKdP1t']
1577078777016111104,Eu tirei: Max! E voc√™? https://t.co/zYLoeelshZ #st #netflix #strangerThings #serie #series #seriados via @Quizur_PT,2022-10-03T23:30:55Z,pt,1946789058,0,['https://t.co/zYLoeelshZ']
1577078214454759424,"RT @MundoSeriesBRA: Hoje o ator ""Noah Schnapp"", nosso querido Will de #StrangerThings, est√° completando 18 anos de vida! üòªüëèüèª
#HappyBirthday‚Ä¶",2022-10-03T23:28:41Z,pt,1970639989,1,[]
1577077936720486400,"Hoje o ator ""Noah Schnapp"", nosso querido Will de #StrangerThings, est√° completando 18 anos de vida! üòªüëèüèª
#HappyBirthdayNoahschnapp https://t.co/4Bz7w7sfUu",2022-10-03T23:27:35Z,pt,1529458400714792963,1,"['https://t.co/4Bz7w7sfUu', 'https://t.co/4Bz7w7sfUu']"
1577071767457533952,"RT @sthingscombr: N√£o podemos esquecer do anivers√°rio do Will‚Ä¶ Noah Schnapp est√° completando 18 anos hoje! ü•≥üéÇ‚ù§Ô∏èüíï

Cr√©ditos da imagem: @almi‚Ä¶",2022-10-03T23:03:04Z,pt,1575951459669131267,32,[]
1577071502536888320,"RT @sthingscombr: N√£o podemos esquecer do anivers√°rio do Will‚Ä¶ Noah Schnapp est√° completando 18 anos hoje! ü•≥üéÇ‚ù§Ô∏èüíï

Cr√©ditos da imagem: @almi‚Ä¶",2022-10-03T23:02:01Z,pt,1346666415818997763,32,[]
1577066008720060416,"Hoje √© Anivers√°rio do Ator Noah Schnapp (Will de Stranger Things) !

#HappyBirthday #StrangerThings #Noahschnapp https://t.co/Xj1wY9lDSV",2022-10-03T22:40:11Z,pt,1534230915861434369,0,['https://t.co/Xj1wY9lDSV']
1577059725761740800,"RT @sthingscombr: N√£o podemos esquecer do anivers√°rio do Will‚Ä¶ Noah Schnapp est√° completando 18 anos hoje! ü•≥üéÇ‚ù§Ô∏èüíï

Cr√©ditos da imagem: @almi‚Ä¶",2022-10-03T22:15:13Z,pt,980869061998514177,32,[]
1577055379498074112,"RT @sthingscombr: N√£o podemos esquecer do anivers√°rio do Will‚Ä¶ Noah Schnapp est√° completando 18 anos hoje! ü•≥üéÇ‚ù§Ô∏èüíï

Cr√©ditos da imagem: @almi‚Ä¶",2022-10-03T21:57:57Z,pt,984491304443895808,32,[]
1577053458460512282,"#StrangerThings: f√£s acham Jeffrey Dahmer na 4¬™ temporada

F√£s de Stranger Things est√£o convencidos de que Jeffrey Dahmer apareceu em cena na 4¬™ temporada. Mas ser√° ele mesmo?

Saiba mais:
‚Ü™Ô∏è https://t.co/V7jhP5WyWJ https://t.co/8BVnZY2eri",2022-10-03T21:50:19Z,pt,1000404857877037058,0,"['https://t.co/V7jhP5WyWJ', 'https://t.co/8BVnZY2eri']"
1577051222359609364,‚ù§Ô∏è 18 anos ü•∞üòç Meu elenco t√° crescendo. #StrangerThings https://t.co/Ff3xAwlng6,2022-10-03T21:41:26Z,pt,55317963,0,['https://t.co/Ff3xAwlng6']
1577042053686382595,"Ele se esconde do Demogorgon no Mundo Invertido em #StrangerThings, mas tamb√©m aplica para universidades e fofoca com os amigos nas horas vagas, viu? üòÖ Feliz anivers√°rio, Noah! &lt;3 https://t.co/5TcZVkN9hF",2022-10-03T21:05:00Z,pt,8360682,1,['https://t.co/5TcZVkN9hF']
1577039808979161090,"@Savagefiction Eu poderia dizer que ,s√≥ o senado com : Moro , Pontes e Damares ...√© uma verdadeira DESGRA√áA .o"" mundo invertido "" √© o Senado Federal ,Ale #StrangerThings total .Boa Tarde ,Irm√£o‚úäüèæ",2022-10-03T20:56:05Z,pt,472049784,0,[]
1577028990912561196,"Quem gosta de Stranger Things levanta a m√£o! ‚Äã‚Äã‚Äã‚Äãü•∞‚Äãüôå‚Äã

Na Piticas, voc√™ encontra √≥timas op√ß√µes de presentes para quem gosta da s√©rie. ‚Äã‚Äã‚Äã‚Äãü§ü‚Äã‚ù§Ô∏è‚Äã

#ManairaShopping #Explorar #StrangerThings #DiadasCrian√ßas https://t.co/Cn8ho6VlCe",2022-10-03T20:13:05Z,pt,47236985,0,['https://t.co/Cn8ho6VlCe']
1577027415565475840,"O nosso querido Will Byers, de ‚ÄúStranger Things‚Äù est√° completando hoje 18 anos de idade.

#noahschnapp #willbyers #strangerthings #strangerthingsedit #strangerthingsbrasil #hawkins #netflix #netflixbrasil #netflixseries #seriesnetflix #s√©rie #serie #s√©ries #series https://t.co/cfoTCIP3xr",2022-10-03T20:06:50Z,pt,1562678332499820546,0,['https://t.co/cfoTCIP3xr']
1577023051384119296,"RT @sthingscombr: N√£o podemos esquecer do anivers√°rio do Will‚Ä¶ Noah Schnapp est√° completando 18 anos hoje! ü•≥üéÇ‚ù§Ô∏èüíï

Cr√©ditos da imagem: @almi‚Ä¶",2022-10-03T19:49:29Z,pt,1458956816453414922,32,[]
1577017845883412481,"RT @sthingscombr: N√£o podemos esquecer do anivers√°rio do Will‚Ä¶ Noah Schnapp est√° completando 18 anos hoje! ü•≥üéÇ‚ù§Ô∏èüíï

Cr√©ditos da imagem: @almi‚Ä¶",2022-10-03T19:28:48Z,pt,999118992148180992,32,[]
1577016974789353474,"RT @sthingscombr: N√£o podemos esquecer do anivers√°rio do Will‚Ä¶ Noah Schnapp est√° completando 18 anos hoje! ü•≥üéÇ‚ù§Ô∏èüíï

Cr√©ditos da imagem: @almi‚Ä¶",2022-10-03T19:25:21Z,pt,1387870706038452229,32,[]
1577014295275397121,"RT @sthingscombr: N√£o podemos esquecer do anivers√°rio do Will‚Ä¶ Noah Schnapp est√° completando 18 anos hoje! ü•≥üéÇ‚ù§Ô∏èüíï

Cr√©ditos da imagem: @almi‚Ä¶",2022-10-03T19:14:42Z,pt,914258733248770049,32,[]
1577010775494778880,"RT @sthingscombr: N√£o podemos esquecer do anivers√°rio do Will‚Ä¶ Noah Schnapp est√° completando 18 anos hoje! ü•≥üéÇ‚ù§Ô∏èüíï

Cr√©ditos da imagem: @almi‚Ä¶",2022-10-03T19:00:42Z,pt,860982096998932480,32,[]
1577005211427962881,"RT @sthingscombr: N√£o podemos esquecer do anivers√°rio do Will‚Ä¶ Noah Schnapp est√° completando 18 anos hoje! ü•≥üéÇ‚ù§Ô∏èüíï

Cr√©ditos da imagem: @almi‚Ä¶",2022-10-03T18:38:36Z,pt,1395413424113389570,32,[]
1577005043047276545,"RT @sthingscombr: N√£o podemos esquecer do anivers√°rio do Will‚Ä¶ Noah Schnapp est√° completando 18 anos hoje! ü•≥üéÇ‚ù§Ô∏èüíï

Cr√©ditos da imagem: @almi‚Ä¶",2022-10-03T18:37:56Z,pt,306913843,32,[]
1577004976760815618,"RT @sthingscombr: N√£o podemos esquecer do anivers√°rio do Will‚Ä¶ Noah Schnapp est√° completando 18 anos hoje! ü•≥üéÇ‚ù§Ô∏èüíï

Cr√©ditos da imagem: @almi‚Ä¶",2022-10-03T18:37:40Z,pt,1454907869711720450,32,[]
1577004897815466003,"RT @sthingscombr: N√£o podemos esquecer do anivers√°rio do Will‚Ä¶ Noah Schnapp est√° completando 18 anos hoje! ü•≥üéÇ‚ù§Ô∏èüíï

Cr√©ditos da imagem: @almi‚Ä¶",2022-10-03T18:37:21Z,pt,1297958680411934720,32,[]
1577004852261318657,"RT @sthingscombr: N√£o podemos esquecer do anivers√°rio do Will‚Ä¶ Noah Schnapp est√° completando 18 anos hoje! ü•≥üéÇ‚ù§Ô∏èüíï

Cr√©ditos da imagem: @almi‚Ä¶",2022-10-03T18:37:10Z,pt,1350861223944982528,32,[]
1577004849614319616,"RT @sthingscombr: N√£o podemos esquecer do anivers√°rio do Will‚Ä¶ Noah Schnapp est√° completando 18 anos hoje! ü•≥üéÇ‚ù§Ô∏èüíï

Cr√©ditos da imagem: @almi‚Ä¶",2022-10-03T18:37:10Z,pt,1563217356863983618,32,[]
1577004827024187392,"RT @sthingscombr: N√£o podemos esquecer do anivers√°rio do Will‚Ä¶ Noah Schnapp est√° completando 18 anos hoje! ü•≥üéÇ‚ù§Ô∏èüíï

Cr√©ditos da imagem: @almi‚Ä¶",2022-10-03T18:37:04Z,pt,1273813820058804230,32,[]
1577004515190280192,"RT @sthingscombr: N√£o podemos esquecer do anivers√°rio do Will‚Ä¶ Noah Schnapp est√° completando 18 anos hoje! ü•≥üéÇ‚ù§Ô∏èüíï

Cr√©ditos da imagem: @almi‚Ä¶",2022-10-03T18:35:50Z,pt,1374405493297348615,32,[]
1577004497683238912,"RT @sthingscombr: N√£o podemos esquecer do anivers√°rio do Will‚Ä¶ Noah Schnapp est√° completando 18 anos hoje! ü•≥üéÇ‚ù§Ô∏èüíï

Cr√©ditos da imagem: @almi‚Ä¶",2022-10-03T18:35:46Z,pt,1351943463856648197,32,[]
1577004354288357376,"N√£o podemos esquecer do anivers√°rio do Will‚Ä¶ Noah Schnapp est√° completando 18 anos hoje! ü•≥üéÇ‚ù§Ô∏èüíï

Cr√©ditos da imagem: @almirondesign

#StrangerThings #StrangerThings4 https://t.co/OQyi8MFgOK",2022-10-03T18:35:12Z,pt,754099107065655297,32,['https://t.co/OQyi8MFgOK']
1576983597609025536,@PaulaKrausche Eu n votei no molusco e votei em todos as candidatos do #Bolsonaro aqui em MG BH e as ruas estavam verde e amarelas e desde ontem aqui parece um vel√≥rio geral. Se o molusco empatou cad√™ os eleitores dele fazendo festa? #StrangerThings,2022-10-03T17:12:43Z,pt,884496522192269312,0,[]
1576969970407202816,"RT @Djhully17: Quem de rt mando o v√≠deo completo üî•üòà

#PINTOAWARD #StrangerThings #PINTOAWARDS #PINTOAWARDS https://t.co/9SyoyLFpjB",2022-10-03T16:18:34Z,pt,1571322081853292546,51,['https://t.co/9SyoyLFpjB']
1576958169858777089,"A mais ic√¥nica.
#StrangerThings https://t.co/HHwULQ2N3N",2022-10-03T15:31:40Z,pt,1576945640000700417,0,['https://t.co/HHwULQ2N3N']
1576947014956642304,fanart bosta q eu fiz.  #strangerthings https://t.co/9Nso5gbgUe,2022-10-03T14:47:21Z,pt,1576335310161674242,0,['https://t.co/9Nso5gbgUe']
1576946249957543936,"RT @jcbrdaily: üéû | Jamie Campbell Bower na #ComicConAfrica respondendo f√£ que o perguntou se gosta de abacaxi na pizza ou n√£o.

#StrangerTh‚Ä¶",2022-10-03T14:44:18Z,pt,1369655936495849474,6,[]
1576936589733023744,"@jrramirezbr @RoxburghBrasil @CCXPoficial @NetflixBrasil @jeff_rake ... os estados e tudo mais e, provavelmente, s√≥ seria em SP e Rio mas seria uma oportunidade bem bacana. 

Penso que a @NetflixBrasil poderia fazer algo semelhante ao que fez com #StrangerThings esse ano, mas de forma mais justa e realmente valorizando e respeitando os f√£s.",2022-10-03T14:05:55Z,pt,3389669056,0,[]
1576930173400027136,"RT @jcbrdaily: üéû | Jamie Campbell Bower na #ComicConAfrica respondendo f√£ que o perguntou se gosta de abacaxi na pizza ou n√£o.

#StrangerTh‚Ä¶",2022-10-03T13:40:25Z,pt,1191494522,6,[]
1576929699057389568,"RT @jcbrdaily: üéû | Jamie Campbell Bower na #ComicConAfrica respondendo f√£ que o perguntou se gosta de abacaxi na pizza ou n√£o.

#StrangerTh‚Ä¶",2022-10-03T13:38:32Z,pt,1549870140476592129,6,[]
1576929521332207617,"üéû | Jamie Campbell Bower na #ComicConAfrica respondendo f√£ que o perguntou se gosta de abacaxi na pizza ou n√£o.

#StrangerThings https://t.co/DQQ5z53wLu",2022-10-03T13:37:50Z,pt,1369655936495849474,6,['https://t.co/DQQ5z53wLu']
1576801131753525248,#StrangerThings is just #XFiles for nostalgic GenXers,2022-10-03T05:07:40Z,pt,1572763939829698565,0,[]
1576787090339024896,RT @strangertbr: Ansiosos para a √öLTIMA temporada de #StrangerThings? https://t.co/pAQol8GmWi,2022-10-03T04:11:52Z,pt,1576781797396037632,185,['https://t.co/pAQol8GmWi']
1576770507541659648,"RT @videosamadores4: E essa pega√ß√£o ! N√£o resistiu o passivo gostoso üòã
.
.
.
.
.
#StrangerThings #PINTOAWARDS #PINTOAWARD #Gaypublico #gay‚Ä¶",2022-10-03T03:05:58Z,pt,1575999946297319426,30,[]
1576763814279729152,"RT @GoathiOff: Uma das cenas que... 

#iavesummerfest #StrangerThings #Vecna #series #Status https://t.co/Kri6WRaNd1",2022-10-03T02:39:22Z,pt,1569154748187639810,8,['https://t.co/Kri6WRaNd1']
1576750700289490944,"Dia 94 esperando a 5¬∞ temporada de Stranger Things
#StrangerThings #StrangerThings5 https://t.co/qZSquBTm6W",2022-10-03T01:47:16Z,pt,1542963421204910083,0,['https://t.co/qZSquBTm6W']
1576742740112441344,"Eu fiz algo

#NovaFotoDePerfil #StrangerThings #LulaPresidente #HaddadGovernadorSP13 https://t.co/0QSvF7HcUX",2022-10-03T01:15:38Z,pt,1093052288,0,['https://t.co/0QSvF7HcUX']
1576708604539068416,"Todo dia uma foto aleat√≥ria, at√© lan√ßarem a data da 5¬∞ temporada de Stranger Things.
Day 064.   #StrangerThings https://t.co/L9p77UUGkS",2022-10-02T22:59:59Z,pt,1544031304991358980,0,['https://t.co/L9p77UUGkS']
1576703621315497984,"RT @jcbrdaily: Apresento a voc√™s: Jamie Bower, o f√£ n√∫mero um do Vecna.

#StrangerThings https://t.co/bQY8wc43zu",2022-10-02T22:40:11Z,pt,1448490620864061441,25,['https://t.co/bQY8wc43zu']
1576672280834285568,"RT @jcbrdaily: Apresento a voc√™s: Jamie Bower, o f√£ n√∫mero um do Vecna.

#StrangerThings https://t.co/bQY8wc43zu",2022-10-02T20:35:39Z,pt,2437692374,25,['https://t.co/bQY8wc43zu']
1576670314049986560,J√° e amanh√£ o niver da lenda #Noahschnapp #aniversario #StrangerThings https://t.co/ubj3EhWeHm,2022-10-02T20:27:50Z,pt,1576220165292937218,0,['https://t.co/ubj3EhWeHm']
1576650663035285504,"RT @jcbrdaily: Apresento a voc√™s: Jamie Bower, o f√£ n√∫mero um do Vecna.

#StrangerThings https://t.co/bQY8wc43zu",2022-10-02T19:09:45Z,pt,1228997191471116289,25,['https://t.co/bQY8wc43zu']
1576643109357658113,RT @NUDSDOSFAMOSOSZ: Tem mas no site #StrangerThings #DynhoAlves #dynho #MonacoGP #CPIDOSERTANEJO #ENHYPENDISBAND #OhmNanon   https://t.co/‚Ä¶,2022-10-02T18:39:44Z,pt,1566108192102301698,2,[]
1576631300219293696,"RT @jcbrdaily: Apresento a voc√™s: Jamie Bower, o f√£ n√∫mero um do Vecna.

#StrangerThings https://t.co/bQY8wc43zu",2022-10-02T17:52:49Z,pt,1321961709377069061,25,['https://t.co/bQY8wc43zu']
1576613675930378241,"RT @jcbrdaily: Apresento a voc√™s: Jamie Bower, o f√£ n√∫mero um do Vecna.

#StrangerThings https://t.co/bQY8wc43zu",2022-10-02T16:42:47Z,pt,1418562365734408196,25,['https://t.co/bQY8wc43zu']
1576613430068674561,"RT @jcbrdaily: Apresento a voc√™s: Jamie Bower, o f√£ n√∫mero um do Vecna.

#StrangerThings https://t.co/bQY8wc43zu",2022-10-02T16:41:48Z,pt,1240008387842187269,25,['https://t.co/bQY8wc43zu']
1576608969706983425,"RT @jcbrdaily: Apresento a voc√™s: Jamie Bower, o f√£ n√∫mero um do Vecna.

#StrangerThings https://t.co/bQY8wc43zu",2022-10-02T16:24:05Z,pt,1243466492764721155,25,['https://t.co/bQY8wc43zu']
1576607769087860736,"RT @jcbrdaily: Apresento a voc√™s: Jamie Bower, o f√£ n√∫mero um do Vecna.

#StrangerThings https://t.co/bQY8wc43zu",2022-10-02T16:19:18Z,pt,1567190345112322050,25,['https://t.co/bQY8wc43zu']
1576600913380544513,"vai d√° pt vai d√°
faz o L
#LulaNo1¬∫Turno #Eleicoes2022 #LulaNoPrimeiroTurno13 #LulaDay #lula2022 #StrangerThings https://t.co/86TIRb0q3I",2022-10-02T15:52:04Z,pt,1395794969609244677,0,"['https://t.co/86TIRb0q3I', 'https://t.co/86TIRb0q3I', 'https://t.co/86TIRb0q3I', 'https://t.co/86TIRb0q3I']"
1576598644664733701,"Hoje doming√£o dia de Fanart üòçüòç em colab com a @gracevandienbr_ , essa fanart linda e autoral, com esses dois que nos tira do eixo. Joe e Grace na Expocanada

#gracevandien #bluefille #gracevandienedit #chrissy #chrissywakeup #chrissycunninghan #strangerthings https://t.co/q1Qij56bc9",2022-10-02T15:43:03Z,pt,1555165071596216322,0,['https://t.co/q1Qij56bc9']
1576593437646028800,"RT @jcbrdaily: Apresento a voc√™s: Jamie Bower, o f√£ n√∫mero um do Vecna.

#StrangerThings https://t.co/bQY8wc43zu",2022-10-02T15:22:21Z,pt,391664881,25,['https://t.co/bQY8wc43zu']
1576533823344750596,"Sim eu tenho um Steve Henderson no papel de parede ‚ù§ 
#StrangerThings",2022-10-02T11:25:28Z,pt,1576361290808819713,0,[]
1576527116623282176,"RT @tododiast5: Dia 93 esperando a 5¬∞ temporada de Stranger Things.
E um feliz anivers√°rio para a nossa querida e ic√¥nica Priah Fergunson (‚Ä¶",2022-10-02T10:58:49Z,pt,1450640375127973889,3,[]
1576522052520931328,"RT @yasmimox: Drace Montgomery. Esse √© o twitte.
Apreciem.
#StrangerThings https://t.co/TxhFeBCkDU",2022-10-02T10:38:42Z,pt,1060457030148866049,127,"['https://t.co/TxhFeBCkDU', 'https://t.co/TxhFeBCkDU', 'https://t.co/TxhFeBCkDU', 'https://t.co/TxhFeBCkDU']"
1576519580931198976,"RT @rafaelmeyerart: Finalmente tive um tempinho livre para terminar o Vecna.

#StrangerThings #strangerthingsseason4
#drawing #traditionala‚Ä¶",2022-10-02T10:28:53Z,pt,1464716968246882304,2,[]
1576514641844645893,"RT @jcbrdaily: Apresento a voc√™s: Jamie Bower, o f√£ n√∫mero um do Vecna.

#StrangerThings https://t.co/bQY8wc43zu",2022-10-02T10:09:15Z,pt,1351128098033565698,25,['https://t.co/bQY8wc43zu']
1576475920676052992,"Hoje n√£o, Vecna.
#max #StrangerThings https://t.co/zPCrV5STKf",2022-10-02T07:35:23Z,pt,30907950,0,"['https://t.co/zPCrV5STKf', 'https://t.co/zPCrV5STKf']"
1576420356193017856,Own to amando essas crian√ßas #StrangerThings,2022-10-02T03:54:36Z,pt,1021173972786991104,0,[]
1576416275575644160,"RT @jcbrdaily: Apresento a voc√™s: Jamie Bower, o f√£ n√∫mero um do Vecna.

#StrangerThings https://t.co/bQY8wc43zu",2022-10-02T03:38:23Z,pt,1215331377513672707,25,['https://t.co/bQY8wc43zu']
1576405877367922688,"RT @HoiSouKaze: Eddie Munson que t√¥ com pregui√ßa de terminar

#StrangerThings #eddiemunsonfanart https://t.co/qyyfIxgaBB",2022-10-02T02:57:04Z,pt,1461393335919292425,1,['https://t.co/qyyfIxgaBB']
1576404269552783368,"RT @lvrpds: Acho que essa foi uma das cenas que mais doeu, ele falou tudo que sentia na CARA do Mike e o √∫nico que entendeu foi o Jonathan,‚Ä¶",2022-10-02T02:50:40Z,pt,1547982255141765121,9392,[]
1576393298805084161,"Todo dia uma foto aleat√≥ria, at√© lan√ßarem a data da 5¬∞ temporada de Stranger Things.
Day 063    #StrangerThings https://t.co/9MB4jdzyqX",2022-10-02T02:07:05Z,pt,1544031304991358980,0,['https://t.co/9MB4jdzyqX']
1576389477483921415,Eu assisti ao epis√≥dio S02 | E04 de Stranger Things! #StrangerThings 20 months 1 day 22 hours  https://t.co/A5QwQkLUFn #tvtime https://t.co/B4tMUXhWG8,2022-10-02T01:51:53Z,pt,1445511217045336069,0,"['https://t.co/A5QwQkLUFn', 'https://t.co/B4tMUXhWG8']"
1576389387205558272,"RT @jcbrdaily: Apresento a voc√™s: Jamie Bower, o f√£ n√∫mero um do Vecna.

#StrangerThings https://t.co/bQY8wc43zu",2022-10-02T01:51:32Z,pt,1560294567282442243,25,['https://t.co/bQY8wc43zu']
1576388008827572229,"RT @jcbrdaily: Apresento a voc√™s: Jamie Bower, o f√£ n√∫mero um do Vecna.

#StrangerThings https://t.co/bQY8wc43zu",2022-10-02T01:46:03Z,pt,1459424658801901568,25,['https://t.co/bQY8wc43zu']
1576377020522512384,"#StrangerThings: Ra√≠zes Do Mal, vol 1 
üîóhttps://t.co/w4axK4vXXR
Stranger Things: Cidade Nas Trevas, vol 2 
 üîóhttps://t.co/ugqbFu4xIX

#amazon #oferta #livro #leitura #lendo #amoler #intriseca https://t.co/2tw2X5OG8b",2022-10-02T01:02:24Z,pt,1539479725747347456,0,"['https://t.co/w4axK4vXXR', 'https://t.co/ugqbFu4xIX', 'https://t.co/2tw2X5OG8b']"
1576376356010659844,Eu assisti ao epis√≥dio S02 | E03 de Stranger Things! #StrangerThings 20 months 1 day 22 hours  https://t.co/xWzHRqqvSn #tvtime https://t.co/jbXnoRYzaJ,2022-10-02T00:59:45Z,pt,1445511217045336069,0,"['https://t.co/xWzHRqqvSn', 'https://t.co/jbXnoRYzaJ']"
1576373172441530369,"N√£o consegui ir no anivers√°rio de um dos meus melhores amigos e afoguei as magoas em StrangerThings, por√©m, consegui assistir Abracadabra 2 ‚ô• https://t.co/Blj8bmGRgb",2022-10-02T00:47:06Z,pt,1424259381865160705,0,['https://t.co/Blj8bmGRgb']
1576372163191242752,"RT @tododiast5: Dia 93 esperando a 5¬∞ temporada de Stranger Things.
E um feliz anivers√°rio para a nossa querida e ic√¥nica Priah Fergunson (‚Ä¶",2022-10-02T00:43:05Z,pt,1546285206704906241,3,[]
1576368703373180928,"RT @jcbrdaily: Apresento a voc√™s: Jamie Bower, o f√£ n√∫mero um do Vecna.

#StrangerThings https://t.co/bQY8wc43zu",2022-10-02T00:29:21Z,pt,4764638009,25,['https://t.co/bQY8wc43zu']
1576365634685837312,"RT @jcbrdaily: Apresento a voc√™s: Jamie Bower, o f√£ n√∫mero um do Vecna.

#StrangerThings https://t.co/bQY8wc43zu",2022-10-02T00:17:09Z,pt,363429586,25,['https://t.co/bQY8wc43zu']
1576362793145860096,"RT @jcbrdaily: Apresento a voc√™s: Jamie Bower, o f√£ n√∫mero um do Vecna.

#StrangerThings https://t.co/bQY8wc43zu",2022-10-02T00:05:51Z,pt,706177774353031168,25,['https://t.co/bQY8wc43zu']
1576360833336152065,Eu assisti ao epis√≥dio S02 | E02 de Stranger Things! #StrangerThings 20 months 1 day 22 hours  https://t.co/dVg6SFHlwy #tvtime https://t.co/pdiEM9VjAT,2022-10-01T23:58:04Z,pt,1445511217045336069,0,"['https://t.co/dVg6SFHlwy', 'https://t.co/pdiEM9VjAT']"
1576360826423767040,"RT @jcbrdaily: Apresento a voc√™s: Jamie Bower, o f√£ n√∫mero um do Vecna.

#StrangerThings https://t.co/bQY8wc43zu",2022-10-01T23:58:03Z,pt,1085461527119814657,25,['https://t.co/bQY8wc43zu']
1576358292938706944,"RT @jcbrdaily: Apresento a voc√™s: Jamie Bower, o f√£ n√∫mero um do Vecna.

#StrangerThings https://t.co/bQY8wc43zu",2022-10-01T23:47:59Z,pt,1518378100807065600,25,['https://t.co/bQY8wc43zu']
1576358019033485312,"Apresento a voc√™s: Jamie Bower, o f√£ n√∫mero um do Vecna.

#StrangerThings https://t.co/bQY8wc43zu",2022-10-01T23:46:53Z,pt,1369655936495849474,25,['https://t.co/bQY8wc43zu']
1576320985628028928,"RT @cast_lobby: Galera, fiz um podcast sobre Stranger Things e est√° muito engra√ßado

Spotify: https://t.co/27hfPaatVl

Instagram: https://t‚Ä¶",2022-10-01T21:19:44Z,pt,1108720934163304449,1,['https://t.co/27hfPaatVl']
1576305420125102081,"Surtei que n√£o √© e mesmo ator
#HouseOfTheDragon 
#StrangerThings https://t.co/JPVrVMeR6u",2022-10-01T20:17:53Z,pt,1100485149609943042,0,['https://t.co/JPVrVMeR6u']
1576296942279458816,"Galera, fiz um podcast sobre Stranger Things e est√° muito engra√ßado

Spotify: https://t.co/27hfPaatVl

Instagram: https://t.co/sV8vR1RdqH

#StrangerThings #netflixbrasil #podcast #nerd #podcasts #lobbycast
@um_podcast @divulgacast @NetflixBrasil @strangertbr #PodcastAndChill https://t.co/RPljAd4t7J",2022-10-01T19:44:11Z,pt,1263560070308208641,1,"['https://t.co/27hfPaatVl', 'https://t.co/sV8vR1RdqH', 'https://t.co/RPljAd4t7J']"
1576283345931030528,"Muito boa s√©rie no @DisneyPlusBR uma hist√≥ria que at√© lembra #StrangerThings mas √© bem legal de ver , efeitos visuais pra mim s√£o simples mas n√£o estragam os momentos , a hist√≥ria demora um pouco pra vc come√ßar a entender mas garanto vale a pena !
Assistam ! https://t.co/BbYh0GVs2U",2022-10-01T18:50:10Z,pt,115327323,0,['https://t.co/BbYh0GVs2U']
1576275586489536513,"RT @tododiast5: Dia 93 esperando a 5¬∞ temporada de Stranger Things.
E um feliz anivers√°rio para a nossa querida e ic√¥nica Priah Fergunson (‚Ä¶",2022-10-01T18:19:20Z,pt,1233109043071344641,3,[]
1576273538037604353,"Dia 93 esperando a 5¬∞ temporada de Stranger Things.
E um feliz anivers√°rio para a nossa querida e ic√¥nica Priah Fergunson (√ârica Sinclair), que est√° completando 16 anos de idade! ü•≥üéâüíó
#StrangerThings #StrangerThings5 https://t.co/bWSazy0cAL",2022-10-01T18:11:11Z,pt,1542963421204910083,3,['https://t.co/bWSazy0cAL']
1576269144601038848,"Achei na shopee

https://t.co/wjsOFoCmSF

#StrangerThings https://t.co/DU14nPXglm",2022-10-01T17:53:44Z,pt,42567062,0,"['https://t.co/wjsOFoCmSF', 'https://t.co/DU14nPXglm']"
1576254923502587904,"Voc√™s  acreditam, gente? üòîüò™
#StrangerThings https://t.co/xIfDxVmM6u",2022-10-01T16:57:13Z,pt,1574413924480569344,0,['https://t.co/xIfDxVmM6u']
1576232531099234306,"ABRIU O CORA√á√ÉO! Durante sua participa√ß√£o em uma conven√ß√£o de f√£s na B√©lgica, #CalebMcLaughlin, int√©rprete de #LucasSinclair, afirmou ter sofrido racismo por parte dos admiradores de #StrangerThings‚Äô nos √∫ltimos anos‚Ä¶‚û°Ô∏èSaiba mais: https://t.co/PT50AyOJh6 https://t.co/pN99NFRAL3",2022-10-01T15:28:15Z,pt,1190105779,0,"['https://t.co/PT50AyOJh6', 'https://t.co/pN99NFRAL3']"
1576231439695171584,"Eu comprei esse esmalte ontem,e por causa das elei√ß√µes dia 02 (amanh√£),n√£o vou poder usar essa semana üò≠Medo de me confundirem com bolsominionüò≠üò≠üò≠#amigosn√£omentem #impala #StrangerThings https://t.co/IUeX880gIU",2022-10-01T15:23:54Z,pt,1574541238983970825,0,['https://t.co/IUeX880gIU']
1576231157628538880,"Finalmente tive um tempinho livre para terminar o Vecna.

#StrangerThings #strangerthingsseason4
#drawing #traditionalartist #ink #halloweenart #vecna https://t.co/Watn4opdWw",2022-10-01T15:22:47Z,pt,1485627776363286532,2,['https://t.co/Watn4opdWw']
1576228367635910657,Gente faz quanto tempo que lan√ßou esses eps especiais de #TheWalkingDead ? Eu t√¥ vendo agora o 10x17 ... Vou terminar essa Season e ver a temporada de #StrangerThings que tbm n√£o vi ainda kkkk levei uma caralhada de spoiler .kkkkkkk pq eu sou assim ? https://t.co/Qex5IYDFxT,2022-10-01T15:11:42Z,pt,1547523879765254145,0,['https://t.co/Qex5IYDFxT']
1576220080051929089,"Para aqueles as pessoas chatas reclamarem, tomara que o ator Caleb McLaughlin (@calebmclaughlin), que √© de #StrangerThings (@Stranger_Things), seja escolhido como Tarzan... #Disney #DisneyPlus #Netflix https://t.co/x0TXqNWXSz",2022-10-01T14:38:46Z,pt,100887413,0,['https://t.co/x0TXqNWXSz']
1576206630068199426,"Foi o Joseph Quinn (Eddie) e o Jamie Campbell Bower (Vecna) do Stranger Things, da√≠ veio a galera do Matt Smith  (Daemon Targaryen) do House of the Dragon e agora a loucura do Evan Peters fazendo o Jaffrey Dahmer #StrangerThings #jaffreydahmer #HouseOfTheDragonHBO",2022-10-01T13:45:19Z,pt,120915813,0,[]
1576071679800811522,RT @Isabelesteddie: Max e o Eddie se encontrando no c√©u #StrangerThings https://t.co/ZaRJZLbgN7,2022-10-01T04:49:05Z,pt,1498421294760611841,2,['https://t.co/ZaRJZLbgN7']
1576066629167112192,"Todo dia uma foto aleat√≥ria, at√© lan√ßarem a data da 5¬∞ temporada de Stranger Things.
Day 062. #StrangerThings https://t.co/V52wpL7gTm",2022-10-01T04:29:00Z,pt,1544031304991358980,0,['https://t.co/V52wpL7gTm']
1576053585607286784,"RT @sthingscombr: Estamos vendo em looping esses bloopers da quarta temporada de Stranger Things! üòçüíï

#StrangerThings #TUDUM https://t.co/I‚Ä¶",2022-10-01T03:37:11Z,pt,1561888893913296896,23,[]
1576031873461284865,"mergulho pelado. Eles ter√£o que usar sua amizade para expulsar o pr√≠ncipe das trevas. Confira!

#officiallydareelest #odrreviews #dareelest #moviereviews #trending #socialmedia #nyc #atl #strangerthings #film #mybestfriendsexorcism #comedy #horror #elsiefisher #amiahmiller https://t.co/kTc5LAXdVC",2022-10-01T02:10:54Z,pt,1563696504438751233,0,['https://t.co/kTc5LAXdVC']
1576019295267848192,"RT @strangertbr: Agosto                          Setembro

O quadro do roteiro da 5¬™ e √∫ltima temporada de #StrangerThings est√° finalizado!‚Ä¶",2022-10-01T01:20:55Z,pt,1511212501891002374,344,[]
1576015810921107456,"RT @dotadaoosz: Acordei molhadinho hojeüòù

#pintowards
#pintoawards
#XOTAAWARDS 
#StrangerThings https://t.co/BSpdCJuoNg",2022-10-01T01:07:04Z,pt,1148089476473917440,11,['https://t.co/BSpdCJuoNg']
1575987944267010049,"RT @dotadaoosz: Acordei molhadinho hojeüòù

#pintowards
#pintoawards
#XOTAAWARDS 
#StrangerThings https://t.co/BSpdCJuoNg",2022-09-30T23:16:21Z,pt,1413694857135149056,11,['https://t.co/BSpdCJuoNg']
1575983732111990785,"RT @ApanhamDaEsposa: Jonathan Byers - Stranger Things 

(Aquele ali atr√°s tbm apanha da esposa) #StrangerThings https://t.co/C29YrPKpwn",2022-09-30T22:59:36Z,pt,1566791558418108417,34,['https://t.co/C29YrPKpwn']
1575956777706737665,"RT @jcbrdaily: üéû | Durante a #ComicConAfrica Jamie Campbell Bower foi relembrado que interpretou Jace em Instrumentos Mortais, e disse que‚Ä¶",2022-09-30T21:12:30Z,pt,1048278071692939264,10,[]
1575955165785772032,"RT @xmissswalker: üìΩÔ∏è N√ÉO FAZ SENTIDO | OS FUROS DE STRANGER THINGS

üñ•Ô∏è As vezes, acontece alguns pequenos furos nas nossas s√©ries favoritas‚Ä¶",2022-09-30T21:06:06Z,pt,1128827443555520512,2,[]
1575954563009368065,"RT @xmissswalker: üìΩÔ∏è N√ÉO FAZ SENTIDO | OS FUROS DE STRANGER THINGS

üñ•Ô∏è As vezes, acontece alguns pequenos furos nas nossas s√©ries favoritas‚Ä¶",2022-09-30T21:03:42Z,pt,1326192456916996103,2,[]
1575953631496441859,"üìΩÔ∏è N√ÉO FAZ SENTIDO | OS FUROS DE STRANGER THINGS

üñ•Ô∏è As vezes, acontece alguns pequenos furos nas nossas s√©ries favoritas, que no momento da emo√ß√£o nem notamos! Vem ver alguns furos presentes em #StrangerThings ! 

üìå LINK NA BIO! https://t.co/Nf4zyEIr68",2022-09-30T21:00:00Z,pt,1128827443555520512,2,['https://t.co/Nf4zyEIr68']
1575950942226112513,"RT @xmissswalker: Hoje √© dia de FURADA!

Vamo conhecer comigo alguns dos furos que #StrangerThings deixou passar? Depois quero saber se voc‚Ä¶",2022-09-30T20:49:19Z,pt,1326192456916996103,2,[]
1575934869460221952,"RT @jcbrdaily: üéû | Durante a #ComicConAfrica Jamie Campbell Bower foi relembrado que interpretou Jace em Instrumentos Mortais, e disse que‚Ä¶",2022-09-30T19:45:26Z,pt,1265813878883188739,10,[]
1575908846018514946,"RT @xmissswalker: Hoje √© dia de FURADA!

Vamo conhecer comigo alguns dos furos que #StrangerThings deixou passar? Depois quero saber se voc‚Ä¶",2022-09-30T18:02:02Z,pt,1448133886744035328,2,[]
1575908506213191680,"Dia 92 esperando a 5¬∞ temporada de Stranger Things
#StrangerThings #StrangerThings5 https://t.co/xRPd7OyCql",2022-09-30T18:00:41Z,pt,1542963421204910083,0,['https://t.co/xRPd7OyCql']
1575908336381444097,"Hoje √© dia de FURADA!

Vamo conhecer comigo alguns dos furos que #StrangerThings deixou passar? Depois quero saber se voc√™s tinham percebido tudo!

As 18h, l√° no Plant√£o Geek ‚ô• https://t.co/CjgY9o2463",2022-09-30T18:00:01Z,pt,1128827443555520512,2,['https://t.co/CjgY9o2463']
1575878176525504513,Que temporada foi essa terminei de ver agora #StrangerThings mds q plot twist esse final https://t.co/Be2GVSUF2m,2022-09-30T16:00:10Z,pt,622907995,0,['https://t.co/Be2GVSUF2m']
1575860401442471936,"Temporada de higos..?
O de Demogorgon?
#StrangerThings #StrangerThings4 https://t.co/jLQNeR1Yeb",2022-09-30T14:49:32Z,pt,239374419,0,['https://t.co/jLQNeR1Yeb']
1575852779914297345,O ator de sucesso compartilhou sobre como foi dif√≠cil lidar com preconceito quando tinha apenas 14 anos. #strangerthings #netflix #racismo https://t.co/Dr4j1KfmXs,2022-09-30T14:19:15Z,pt,41806159,0,['https://t.co/Dr4j1KfmXs']
1575844040012070912,OLHA ISSO! 5 √≥timas s√©ries de fic√ß√£o cient√≠fica da Netflix! - #oscar #melhores #strangerthings #winonaryder #milliebobbybrown #anima√ßao #series #fic√ßaocientifica #voce #cinemapoltrona https://t.co/fYKkCL8Zr8,2022-09-30T13:44:31Z,pt,2432408684,0,['https://t.co/fYKkCL8Zr8']
1575836656183443456,"Funko Pop, Canecas, Copos e variedades Geek.
Acesse:
https://t.co/bZzzpI860Z
Frete Gratis acima de R$300,00
5% Desconto no PIX e Boleto

#funkopop #funkopopbrasil #bts #marvel #HarryPotter #StrangerThings #StarWars #Disney #dccomics",2022-09-30T13:15:11Z,pt,1483812785092009989,0,['https://t.co/bZzzpI860Z']
1575832858039500800,RT @ultimatedoodles: Professor Munson ü´¢ #EDDIEMUNSON #eddiemunsonfanart #StrangerThings #StrangerThingsfanart #myart https://t.co/P2Ui2UPgEO,2022-09-30T13:00:05Z,pt,808401425608884224,1,"['https://t.co/P2Ui2UPgEO', 'https://t.co/P2Ui2UPgEO']"
1575822414738755584,"URGENTE! O meu senador @alessandromolon se pronunciou sobre o tema que assolou a na√ß√£o!!!! Cariocas e s√©rie-man√≠acos, vamos eleger um h√¥mi s√©rio pro senado? Vamos derrotar os bolsonaristas Rom√°rio e Clarissa Garotinho? #Molon400 #MolonSenador400 #StrangerThings https://t.co/ikGNMEqgG4",2022-09-30T12:18:35Z,pt,1543975981035257856,0,['https://t.co/ikGNMEqgG4']
1575716043745792000,"RT @jcbrdaily: üéû | Durante a #ComicConAfrica Jamie Campbell Bower foi relembrado que interpretou Jace em Instrumentos Mortais, e disse que‚Ä¶",2022-09-30T05:15:54Z,pt,543740532,10,[]
1575676865573883906,Ele t√° assistindo muito #StrangerThings https://t.co/CUm4AaHefi,2022-09-30T02:40:14Z,pt,716623785286311936,0,['https://t.co/CUm4AaHefi']
1575676016823259141,@GugaNoblat voc√™ t√° no mundo invertido do #StrangerThings,2022-09-30T02:36:51Z,pt,1357074140193243139,0,[]
1575669042458767360,"Gente, de onde tiraram esse padre da Deep Web? Padre do mundo invertido. #StrangerThings #DebateNaGlobo",2022-09-30T02:09:08Z,pt,1575655456432746496,0,[]
1575667825405894656,"RT @D20CultureBR: Coisas que voc√™ (provavelmente) n√£o sabia sobre o Demogorgon

Ele √© muito diferente do que exibido na s√©rie #StrangerThin‚Ä¶",2022-09-30T02:04:18Z,pt,1156785447017897986,1,[]
